{
  "hash": "0698e20a",
  "configHash": "cb82ad69",
  "lockfileHash": "f86029f1",
  "browserHash": "eb38dcf1",
  "optimized": {
    "@angular/core": {
      "src": "../../../../../../node_modules/@angular/core/fesm2022/core.mjs",
      "file": "@angular_core.js",
      "fileHash": "f877f95b",
      "needsInterop": false
    },
    "@angular/platform-browser": {
      "src": "../../../../../../node_modules/@angular/platform-browser/fesm2022/platform-browser.mjs",
      "file": "@angular_platform-browser.js",
      "fileHash": "2ef7ff4c",
      "needsInterop": false
    },
    "@angular/router": {
      "src": "../../../../../../node_modules/@angular/router/fesm2022/router.mjs",
      "file": "@angular_router.js",
      "fileHash": "7ac00171",
      "needsInterop": false
    },
    "@angular/common": {
      "src": "../../../../../../node_modules/@angular/common/fesm2022/common.mjs",
      "file": "@angular_common.js",
      "fileHash": "4d74bcce",
      "needsInterop": false
    },
    "@angular/forms": {
      "src": "../../../../../../node_modules/@angular/forms/fesm2022/forms.mjs",
      "file": "@angular_forms.js",
      "fileHash": "d768afd7",
      "needsInterop": false
    }
  },
  "chunks": {
    "chunk-7J2ZON6J": {
      "file": "chunk-7J2ZON6J.js"
    },
    "chunk-GOBFATMH": {
      "file": "chunk-GOBFATMH.js"
    },
    "chunk-TFLZSHJW": {
      "file": "chunk-TFLZSHJW.js"
    }
  }
}